url,text,original_href
https://www.labellerr.com/,,https://www.labellerr.com/
https://www.labellerr.com/data-annotate,,https://www.labellerr.com/data-annotate
https://www.labellerr.com/annotation-services,,https://www.labellerr.com/annotation-services
https://www.labellerr.com/video-annotation-platform,,https://www.labellerr.com/video-annotation-platform
https://www.labellerr.com/image-annotation-platform,,https://www.labellerr.com/image-annotation-platform
https://www.labellerr.com/text-annotation-platform,,https://www.labellerr.com/text-annotation-platform
https://www.labellerr.com/dicom-annotation-tool,,https://www.labellerr.com/dicom-annotation-tool
https://www.labellerr.com/interactive-demo,,https://www.labellerr.com/interactive-demo
https://www.labellerr.com/product-demo,,https://www.labellerr.com/product-demo
https://www.labellerr.com/technology,,https://www.labellerr.com/technology
https://www.labellerr.com/pre-labelling,,https://www.labellerr.com/pre-labelling
https://www.labellerr.com/llm,,https://www.labellerr.com/llm
https://www.labellerr.com/biotechnology-and-life-sciences,,https://www.labellerr.com/biotechnology-and-life-sciences
https://www.labellerr.com/automotive,,https://www.labellerr.com/automotive
https://www.labellerr.com/energy,,https://www.labellerr.com/energy
https://www.labellerr.com/security-surveillance,,https://www.labellerr.com/security-surveillance
https://www.labellerr.com/sports-vision,,https://www.labellerr.com/sports-vision
https://www.labellerr.com/retail,,https://www.labellerr.com/retail
https://www.labellerr.com/manufacturing,,https://www.labellerr.com/manufacturing
https://www.labellerr.com/healthcare-solution,,https://www.labellerr.com/healthcare-solution
https://www.labellerr.com/agriculture-solution,,https://www.labellerr.com/agriculture-solution
https://www.labellerr.com/blog/,,https://www.labellerr.com/blog/
https://www.labellerr.com/case-studies,,https://www.labellerr.com/case-studies
https://www.labellerr.com/expert-discussions,,https://www.labellerr.com/expert-discussions
https://www.labellerr.com/faq,,https://www.labellerr.com/faq
https://docs.labellerr.com/,,https://docs.labellerr.com/
https://www.labellerr.com/pricing,,https://www.labellerr.com/pricing
https://login.labellerr.com/,,https://login.labellerr.com/
https://www.labellerr.com/book-a-demo,,https://www.labellerr.com/book-a-demo
https://www.capterra.com/p/201456/Labellerr/reviews/,,https://www.capterra.com/p/201456/Labellerr/reviews/
https://www.g2.com/products/labellerr/reviews,,https://www.g2.com/products/labellerr/reviews
https://www.labellerr.com/#,,https://www.labellerr.com/#
https://scale-with-ease.labellerr.com/free-data-annotation-guide,Download the Free Guide,https://scale-with-ease.labellerr.com/free-data-annotation-guide
https://www.labellerr.com/data-collection,Collect,https://www.labellerr.com/data-collection
https://www.labellerr.com/data-curation,Curate,https://www.labellerr.com/data-curation
https://www.labellerr.com/questionnaire,Datasets,https://www.labellerr.com/questionnaire
https://www.labellerr.com/about-us,About Us,https://www.labellerr.com/about-us
https://www.labellerr.com/careers,Careers,https://www.labellerr.com/careers
https://www.labellerr.com/privacy,Privacy,https://www.labellerr.com/privacy
https://www.labellerr.com/contact-us,Contact Us,https://www.labellerr.com/contact-us
https://www.labellerr.com/terms-of-service,Terms & Conditions,https://www.labellerr.com/terms-of-service
https://www.labellerr.com/blog,Blog,https://www.labellerr.com/blog
https://www.labellerr.com/blog/labellerr-vs-roboflow/,Labellerr vs Roboflow,https://www.labellerr.com/blog/labellerr-vs-roboflow/
https://www.labellerr.com/blog/labellerr-vs-encord/,Labellerr vs Encord,https://www.labellerr.com/blog/labellerr-vs-encord/
https://www.labellerr.com/blog/labellerr-vs-dataloop/,Labellerr vs Dataloop,https://www.labellerr.com/blog/labellerr-vs-dataloop/
https://www.labellerr.com/blog/labellerr-vs-supervisely/,Labellerr vs Supervisely,https://www.labellerr.com/blog/labellerr-vs-supervisely/
https://www.labellerr.com/labellerr-vs-aws-sagemaker,Labellerr vs AWS Sagemaker,https://www.labellerr.com/labellerr-vs-aws-sagemaker
https://www.labellerr.com/labellerr-vs-cvat,Labellerr vs CVAT,https://www.labellerr.com/labellerr-vs-cvat
https://www.labellerr.com/labellerr-vs-appen,Labellerr vs Appen,https://www.labellerr.com/labellerr-vs-appen
https://www.labellerr.com/labellerr-vs-labelbox,Labellerr vs Labelbox,https://www.labellerr.com/labellerr-vs-labelbox
https://www.labellerr.com/labellerr-vs-v7-labs,Labellerr vs V7 Labs,https://www.labellerr.com/labellerr-vs-v7-labs
https://www.labellerr.com/labellerr-vs-superannotate,Labellerr vs SuperAnnotate,https://www.labellerr.com/labellerr-vs-superannotate
tel:+16283133187,+16283133187,tel:+16283133187
tel:+917565883102,+917565883102,tel:+917565883102
https://wa.me/917565883102,,https://wa.me/917565883102
mailto:support@tensormatics.com,support@tensormatics.com,mailto:support@tensormatics.com
https://www.facebook.com/tensormaticslabellerr/,,https://www.facebook.com/tensormaticslabellerr/
https://www.linkedin.com/company/labellerr,,https://www.linkedin.com/company/labellerr
https://x.com/Labellerr1,,https://x.com/Labellerr1
https://www.youtube.com/@labellerr,,https://www.youtube.com/@labellerr
https://github.com/Labellerr/Hands-On-Learning-in-Computer-Vision,,https://github.com/Labellerr/Hands-On-Learning-in-Computer-Vision
